{
  "embedding_silhouette": 0.1933461906475701,
  "sector_silhouette": -0.09233650212685662,
  "improvement_percentage": 28568.26927744267,
  "num_clusters": 10,
  "num_stocks": 505
}