{"val_loss":0.6948387027,"val_accuracy":0.5089708971,"val_f1":0.5032729739,"val_mcc":0.0101059685,"epoch":23.0}