{"train_loss":{"0":0.7280847093,"1":0.7086199964,"2":0.7020689943,"3":0.6999749755,"4":0.6981629658,"5":0.6971502743,"6":0.6968634567,"7":0.6958226397,"8":0.6958227409,"9":0.6958040779,"10":0.6957012782,"11":0.6953997766,"12":0.6951446496,"13":0.6950131827,"14":0.6943555114,"15":0.6944216561,"16":0.6941348809,"17":0.6942412621,"18":0.6941571753,"19":0.6940719841,"20":0.694216633,"21":0.6945524418,"22":0.6937785456,"23":0.6941181631,"24":0.6938976379,"25":0.6938465924,"26":0.6937720468,"27":0.6936418009,"28":0.6933327171,"29":0.6935565783,"30":0.6933847718,"31":0.693331874,"32":0.6934965751,"33":0.6935397199,"34":0.693400961,"35":0.6933783694,"36":0.693465463,"37":0.693573783,"38":0.6934520419,"39":0.6934067637,"40":0.6934758612,"41":0.6934421321,"42":0.6933770551},"train_accuracy":{"0":0.4975154119,"1":0.4984245594,"2":0.5022853229,"3":0.4974655956,"4":0.4960333769,"5":0.4966560807,"6":0.4952861324,"7":0.5005417523,"8":0.4977271312,"9":0.4945513419,"10":0.4929447662,"11":0.5026091288,"12":0.4949125101,"13":0.4916744505,"14":0.4960209228,"15":0.4978143097,"16":0.4972289682,"17":0.4960209228,"18":0.4949249642,"19":0.4930942151,"20":0.4930194906,"21":0.4876268759,"22":0.4982502024,"23":0.4943645308,"24":0.4913755526,"25":0.4914751853,"26":0.5000311352,"27":0.4988729062,"28":0.5003051249,"29":0.4977894016,"30":0.5003923034,"31":0.5002926708,"32":0.4986985491,"33":0.4954106731,"34":0.5010274612,"35":0.5029827511,"36":0.500653839,"37":0.4941777197,"38":0.5007659256,"39":0.5027461237,"40":0.4976773149,"41":0.4954355813,"42":0.5017373435},"train_f1":{"0":0.4972566924,"1":0.4985066325,"2":0.5015761565,"3":0.4974672145,"4":0.4957980812,"5":0.4962564661,"6":0.4950357358,"7":0.4977446448,"8":0.4957229146,"9":0.4939702818,"10":0.4929731285,"11":0.480276925,"12":0.4949298497,"13":0.4889942693,"14":0.4945297463,"15":0.4934272855,"16":0.4927914048,"17":0.4886397519,"18":0.490565602,"19":0.4929541779,"20":0.4924306776,"21":0.4805434225,"22":0.4979271646,"23":0.4862390826,"24":0.4883634084,"25":0.4915610726,"26":0.4702847173,"27":0.4789062802,"28":0.5002212384,"29":0.4901948117,"30":0.4965826137,"31":0.4927248746,"32":0.4897999156,"33":0.4928925336,"34":0.4915611798,"35":0.4903192308,"36":0.4764924116,"37":0.4907691773,"38":0.4847890577,"39":0.487842003,"40":0.4959203762,"41":0.4939277864,"42":0.4914745524},"train_mcc":{"0":-0.0036161192,"1":-0.0030324916,"2":0.0025068089,"3":-0.0044026626,"4":-0.0066332537,"5":-0.0083183638,"6":-0.0081007982,"7":-0.0028839757,"8":-0.0079573619,"9":-0.0128209821,"10":-0.0146712982,"11":-0.0060972727,"12":-0.0107845824,"13":-0.0129690654,"14":-0.0109308018,"15":-0.009419742,"16":-0.0006396923,"17":-0.0146673557,"18":-0.0152726972,"19":-0.0149262721,"20":-0.0159026343,"21":-0.0317400287,"22":-0.0049903222,"23":-0.0184343145,"24":-0.0215589867,"25":-0.017047297,"26":-0.0138921606,"27":-0.0135056477,"28":0.0015657832,"29":-0.0111338189,"30":-0.0038429102,"31":-0.0059730233,"32":-0.0098432446,"33":-0.0130382674,"34":-0.0052588614,"35":-0.0023594391,"36":-0.0109062652,"37":-0.0074399526,"38":-0.008149754,"39":-0.0035973176,"40":-0.0078450299,"41":-0.012123646,"42":-0.0040970342},"val_loss":{"0":0.6949932864,"1":0.6953833555,"2":0.6961218381,"3":0.6949763244,"4":0.6950115634,"5":0.6952574325,"6":0.6949057606,"7":0.6950966635,"8":0.6949573584,"9":0.6948577139,"10":0.6951128958,"11":0.6953612738,"12":0.6952787096,"13":0.694996562,"14":0.6949489631,"15":0.6950034851,"16":0.694872084,"17":0.6948476506,"18":0.6949900208,"19":0.694896418,"20":0.694854861,"21":0.6948419692,"22":0.6948387027,"23":0.6948416287,"24":0.6949100756,"25":0.6948702949,"26":0.6948774728,"27":0.6949366412,"28":0.6949039418,"29":0.6948806029,"30":0.6949092376,"31":0.6949046697,"32":0.6948574781,"33":0.6948963666,"34":0.6948752746,"35":0.6948775351,"36":0.6948835768,"37":0.694906121,"38":0.6948928869,"39":0.6948674005,"40":0.6948829835,"41":0.6948778051,"42":0.6948676064},"val_accuracy":{"0":0.5082808281,"1":0.5082208221,"2":0.5080108011,"3":0.5083708371,"4":0.5085808581,"5":0.5079207921,"6":0.5087908791,"7":0.5080408041,"8":0.5089708971,"9":0.5088808881,"10":0.5080708071,"11":0.5075607561,"12":0.5081008101,"13":0.5086408641,"14":0.5090009001,"15":0.5086708671,"16":0.5088808881,"17":0.5089708971,"18":0.5087308731,"19":0.5090909091,"20":0.5090009001,"21":0.5090309031,"22":0.5089708971,"23":0.5090909091,"24":0.5091509151,"25":0.5088808881,"26":0.5088808881,"27":0.5092709271,"28":0.5091809181,"29":0.5090009001,"30":0.5091509151,"31":0.5091209121,"32":0.5088508851,"33":0.5091209121,"34":0.5089108911,"35":0.5089408941,"36":0.5090009001,"37":0.5091509151,"38":0.5091209121,"39":0.5088808881,"40":0.5090009001,"41":0.5089408941,"42":0.5088808881},"val_f1":{"0":0.5027742289,"1":0.504186209,"2":0.5048759267,"3":0.5035876936,"4":0.5038987739,"5":0.5037888176,"6":0.5037552224,"7":0.5035720981,"8":0.5041331268,"9":0.503579709,"10":0.5036692324,"11":0.50359812,"12":0.5039927664,"13":0.5039294595,"14":0.5041239221,"15":0.5039747072,"16":0.5036808266,"17":0.5035461526,"18":0.5040173377,"19":0.5039962814,"20":0.5036181584,"21":0.5033007082,"22":0.5032729739,"23":0.5034926947,"24":0.5041127625,"25":0.50363039,"26":0.5036808266,"27":0.5043386387,"28":0.5041337868,"29":0.5038397672,"30":0.5041189493,"31":0.504066967,"32":0.5035271309,"33":0.5040359265,"34":0.5037268576,"35":0.5037477545,"36":0.5038522894,"37":0.5041189493,"38":0.5040234837,"39":0.503643022,"40":0.5038522894,"41":0.5037603164,"42":0.5036240682},"val_mcc":{"0":0.0088237198,"1":0.009763502,"2":0.0100838204,"3":0.009508713,"4":0.0100089207,"5":0.009078758,"6":0.0101856003,"7":0.0090670952,"8":0.0106912823,"9":0.0101865602,"10":0.0091782144,"11":0.0084805825,"12":0.0094627807,"13":0.0101098501,"14":0.0107246357,"15":0.0101818958,"16":0.0102554939,"17":0.0102868525,"18":0.010291477,"19":0.0107560786,"20":0.0103762676,"21":0.0102074678,"22":0.0101059685,"23":0.0104165335,"24":0.0109174282,"25":0.0102210291,"26":0.0102554939,"27":0.0112356613,"28":0.0109723372,"29":0.0105268429,"30":0.0109217203,"31":0.0108453488,"32":0.010110062,"33":0.0108238789,"34":0.0103276447,"35":0.0103825692,"36":0.010535445,"37":0.0109217203,"38":0.0108152906,"39":0.0102296457,"40":0.010535445,"41":0.0103911782,"42":0.0102167207}}